"clé";"français";"english";"mooré (à remplir)";"contexte et consignes"
"common.loading";"Chargement…";"Loading…";"";""
"nav.home";"Accueil";"Home";"";"Libellé court (bouton ou menu), idéalement ≤ 25 caractères."
"nav.exhibition";"Exposition";"Exhibition";"";"Libellé court (bouton ou menu), idéalement ≤ 25 caractères."
"nav.catalogue";"Catalogue";"Catalogue";"";"Libellé court (bouton ou menu), idéalement ≤ 25 caractères."
"nav.collections";"Collections";"Collections";"";"Libellé court (bouton ou menu), idéalement ≤ 25 caractères."
"nav.about";"À propos";"About";"";"Libellé court (bouton ou menu), idéalement ≤ 25 caractères."
"nav.visit";"Visiter l'exposition";"Visit the exhibition";"";"Libellé court (bouton ou menu), idéalement ≤ 25 caractères."
"nav.menu";"Menu";"Menu";"";"Libellé court (bouton ou menu), idéalement ≤ 25 caractères."
"nav.main";"Navigation principale";"Main navigation";"";"Libellé court (bouton ou menu), idéalement ≤ 25 caractères. Lu seulement par les lecteurs d'écran (non visible)."
"footer.rights";"© 2026 La Poste Burkina Faso. Tous droits réservés.";"© 2026 La Poste Burkina Faso. All rights reserved.";"";"Garder le nom « La Poste Burkina Faso » inchangé."
"lang.title";"Choisissez votre langue";"Choose your language";"";"Grand titre : formulation naturelle et courte. « title1 » et « title2 » se lisent à la suite."
"lang.subtitle";"Chaque accès ouvre un parcours d'exposition dédié avec une vidéo d'introduction puis l'espace des pièces numérisées.";"Each entry opens a dedicated exhibition journey with an introduction video followed by the space of digitised items.";"";""
"expo.title";"Bienvenue dans l'exposition philatélique";"Welcome to the philatelic exhibition";"";"Grand titre : formulation naturelle et courte. « title1 » et « title2 » se lisent à la suite."
"expo.subtitle";"Découvrez l'histoire, les objets et les timbres de la Poste Burkina Faso à travers une expérience numérique immersive.";"Discover the history, objects and stamps of La Poste Burkina Faso through an immersive digital experience.";"";""
"expo.skip";"Passer l'introduction";"Skip the introduction";"";"Libellé court (bouton ou menu), idéalement ≤ 25 caractères."
"cat.title";"Catalogue philatélique";"Philatelic catalogue";"";""
"cat.subtitle";"Explorez les pièces de 1914 à 2025";"Explore items from 1914 to 2025";"";""
"cat.one";"{n} pièce";"{n} item";"";"Conserver {n} tel quel (remplacé par un nombre)."
"cat.many";"{n} pièces";"{n} items";"";"Conserver {n} tel quel (remplacé par un nombre)."
"cat.grid";"Affichage en grille";"Grid view";"";"Lu seulement par les lecteurs d'écran (non visible)."
"cat.list";"Affichage en liste";"List view";"";"Lu seulement par les lecteurs d'écran (non visible)."
"cat.pagination";"Pagination";"Pagination";"";"Lu seulement par les lecteurs d'écran (non visible)."
"cat.empty";"Aucune pièce ne correspond. Modifiez la recherche ou réinitialisez les filtres.";"No item matches. Change your search or reset the filters.";"";""
"search.placeholder";"Rechercher une pièce, une année, un thème...";"Search for an item, a year, a theme...";"";""
"search.label";"Rechercher";"Search";"";"Lu seulement par les lecteurs d'écran (non visible)."
"search.by";"Rechercher par";"Search by";"";""
"search.title";"Résultats de recherche";"Search results";"";""
"search.one";"{n} résultat trouvé";"{n} result found";"";"Conserver {n} tel quel (remplacé par un nombre)."
"search.many";"{n} résultats trouvés";"{n} results found";"";"Conserver {n} tel quel (remplacé par un nombre)."
"search.all";"Tous les champs";"All fields";"";""
"search.none";"Aucun résultat. Essayez un autre mot-clé ou changez de champ.";"No results. Try another keyword or change the field.";"";""
"f.titre";"Titre";"Title";"";"Libellé court (bouton ou menu), idéalement ≤ 25 caractères."
"f.annee";"Année";"Year";"";"Libellé court (bouton ou menu), idéalement ≤ 25 caractères."
"f.theme";"Thème";"Theme";"";"Libellé court (bouton ou menu), idéalement ≤ 25 caractères."
"f.valeur";"Valeur";"Value";"";"Libellé court (bouton ou menu), idéalement ≤ 25 caractères."
"f.motsCles";"Mots-clés";"Keywords";"";"Libellé court (bouton ou menu), idéalement ≤ 25 caractères."
"f.collection";"Collection";"Collection";"";"Libellé court (bouton ou menu), idéalement ≤ 25 caractères."
"filter.period";"Période";"Period";"";"Libellé court (bouton ou menu), idéalement ≤ 25 caractères."
"filter.theme";"Thème";"Theme";"";"Libellé court (bouton ou menu), idéalement ≤ 25 caractères."
"filter.collection";"Collection";"Collection";"";"Libellé court (bouton ou menu), idéalement ≤ 25 caractères."
"filter.value";"Valeur faciale";"Face value";"";"Libellé court (bouton ou menu), idéalement ≤ 25 caractères."
"filter.reset";"Réinitialiser";"Reset";"";"Libellé court (bouton ou menu), idéalement ≤ 25 caractères."
"card.discover";"Découvrir";"Discover";"";"Libellé court (bouton ou menu), idéalement ≤ 25 caractères."
"piece.breadcrumb";"Fil d'Ariane";"Breadcrumb";"";"Lu seulement par les lecteurs d'écran (non visible)."
"piece.crumb";"Pièce";"Item";"";""
"piece.notfound";"Cette pièce n'existe pas.";"This item does not exist.";"";""
"piece.back";"Retour au catalogue";"Back to the catalogue";"";""
"piece.year";"Année";"Year";"";""
"piece.value";"Valeur faciale";"Face value";"";""
"piece.theme";"Thème";"Theme";"";""
"piece.collection";"Collection";"Collection";"";""
"piece.id";"Identifiant";"Identifier";"";""
"piece.3d";"Explorer en 3D";"Explore in 3D";"";""
"piece.history";"Histoire et contexte";"History and context";"";""
"piece.listen";"Écouter le commentaire";"Listen to the commentary";"";""
"piece.watch";"Voir le commentaire vidéo";"Watch the video commentary";"";""
"piece.keywords";"Mots-clés";"Keywords";"";""
"piece.refs";"Références";"References";"";""
"media.soonAudio";"Commentaire audio bientôt disponible.";"Audio commentary coming soon.";"";"Message affiché à la place d'un lecteur audio/vidéo."
"media.soonVideo";"Commentaire vidéo bientôt disponible.";"Video commentary coming soon.";"";"Message affiché à la place d'un lecteur audio/vidéo."
"coll.title";"Nos collections thématiques";"Our themed collections";"";""
"coll.subtitle";"Plongez dans l'histoire du Burkina Faso à travers ses timbres.";"Dive into the history of Burkina Faso through its stamps.";"";""
"coll.explore";"Explorer";"Explore";"";"Libellé court (bouton ou menu), idéalement ≤ 25 caractères."
"coll.pieces";"pièces";"items";"";""
"coll.all";"Toutes les collections";"All collections";"";""
"coll.one";"Collection";"Collection";"";""
"coll.empty";"Aucune pièce de démonstration dans cette collection.";"No demo item in this collection.";"";""
"viewer.back";"Retour";"Back";"";"Libellé court (bouton ou menu), idéalement ≤ 25 caractères."
"viewer.reset";"Réinitialiser la vue";"Reset view";"";"Libellé court (bouton ou menu), idéalement ≤ 25 caractères."
"viewer.fs";"Plein écran";"Full screen";"";"Libellé court (bouton ou menu), idéalement ≤ 25 caractères."
"viewer.loading";"Chargement du modèle…";"Loading the model…";"";""
"viewer.unavailable";"Modèle 3D indisponible — affichage de l'image haute définition";"3D model unavailable — showing the high-definition image";"";""
"viewer.notfound";"Pièce introuvable — retour au catalogue";"Item not found — back to the catalogue";"";""
"viewer.rotate";"Rotation 360°";"360° rotation";"";"Libellé court (bouton ou menu), idéalement ≤ 25 caractères."
"viewer.zoom";"Zoom";"Zoom";"";"Libellé court (bouton ou menu), idéalement ≤ 25 caractères."
"viewer.pan";"Déplacer";"Move";"";"Libellé court (bouton ou menu), idéalement ≤ 25 caractères."
"viewer.controls";"Commandes de la vue";"View controls";"";"Lu seulement par les lecteurs d'écran (non visible)."
"about.title";"À propos de l'exposition";"About the exhibition";"";"Texte de présentation."
"about.intro";"L'Exposition Virtuelle de La Poste Burkina Faso est un musée philatélique numérique. Elle rend accessible à tous le patrimoine postal du pays, où que l'on se trouve.";"The Virtual Exhibition of La Poste Burkina Faso is a digital philatelic museum. It makes the country's postal heritage accessible to everyone, wherever they are.";"";"Garder le nom « La Poste Burkina Faso » inchangé. Texte de présentation."
"about.p1t";"Une collection numérisée";"A digitised collection";"";"Texte de présentation."
"about.p1d";"Environ 2 000 pièces de 1914 à 2025, photographiées en haute définition et documentées une à une.";"About 2,000 items from 1914 to 2025, photographed in high definition and documented one by one.";"";"Texte de présentation."
"about.p2t";"Trois langues";"Three languages";"";"Texte de présentation."
"about.p2d";"Chaque parcours est proposé en français, en mooré et en anglais.";"Every visit is offered in French, Mooré and English.";"";"Texte de présentation."
"about.p3t";"Une visite immersive";"An immersive visit";"";"Texte de présentation."
"about.p3d";"Vidéo d'introduction, modèles 3D, commentaires audio et vidéo accompagnent les pièces.";"An introduction video, 3D models, audio and video commentaries accompany the items.";"";"Texte de présentation."
"about.contact";"Contact";"Contact";"";"Texte de présentation."
"about.contactText";"Une question sur une pièce ou sur la collection ? Les coordonnées officielles seront renseignées ici (contenu fictif pour le moment).";"A question about an item or the collection? Official contact details will be added here (placeholder content for now).";"";"Texte de présentation."
"common.error";"Impossible de charger les données. Vérifiez votre connexion et réessayez.";"Unable to load the data. Check your connection and try again.";"";""
"home.eyebrow";"La Poste Burkina Faso · Patrimoine philatélique";"La Poste Burkina Faso · Philatelic heritage";"";"Garder le nom « La Poste Burkina Faso » inchangé."
"home.title1";"Bienvenue à notre";"Welcome to our";"";"Grand titre : formulation naturelle et courte. « title1 » et « title2 » se lisent à la suite."
"home.title2";"exposition virtuelle";"virtual exhibition";"";"Grand titre : formulation naturelle et courte. « title1 » et « title2 » se lisent à la suite."
"home.sub";"Une expérience numérique immersive pour découvrir, comprendre et explorer les pièces philatéliques du Burkina Faso. Choisissez votre langue pour entrer dans l'exposition.";"An immersive digital experience to discover, understand and explore the philatelic items of Burkina Faso. Choose your language to enter the exhibition.";"";""
"home.cta";"Visiter notre expo";"Visit our exhibition";"";"Libellé court (bouton ou menu), idéalement ≤ 25 caractères. Texte de présentation."
"home.concept";"Le concept";"The concept";"";"Texte de présentation."
"home.conceptTitle";"De la vidéo à l'exposition 3D";"From video to 3D exhibition";"";"Texte de présentation."
"home.conceptLead";"Le parcours proposé reprend l'esprit du projet : numérisation des pièces, modélisation 3D, plateforme web interactive, design thématique, accessibilité et enrichissement continu.";"The proposed journey follows the spirit of the project: digitisation of the items, 3D modelling, an interactive web platform, thematic design, accessibility and continuous enrichment.";"";"Texte de présentation."
"home.c1t";"Pièces philatéliques";"Philatelic items";"";"Texte de présentation."
"home.c1d";"Galerie de pièces numérisées en haute définition.";"Gallery of items digitised in high definition.";"";"Texte de présentation."
"home.c2t";"Exploration 3D";"3D exploration";"";"Texte de présentation."
"home.c2d";"Visualisation interactive des pièces modélisées.";"Interactive viewing of the modelled items.";"";"Texte de présentation."
"home.c3t";"Parcours multilingue";"Multilingual journey";"";"Texte de présentation."
"home.c3d";"Mooré, français et anglais avec contenus vidéo dédiés.";"Mooré, French and English with dedicated video content.";"";"Texte de présentation."
"expo.badge";"Exposition virtuelle";"Virtual exhibition";"";""
"expo.videoTitle";"Vidéo d'introduction";"Introduction video";"";""
"expo.videoNote";"Emplacement prévu pour la vidéo de présentation de cette langue.";"Space reserved for the presentation video in this language.";"";""
"expo.after";"Après la présentation";"After the presentation";"";""
"expo.pieces";"Explorer les pièces";"Explore the items";"";""
"expo.piecesLead";"Une sélection de pièces à explorer en 3D. Retrouvez toute la collection dans le catalogue.";"A selection of items to explore in 3D. Find the whole collection in the catalogue.";"";""
"expo.catalogue";"Voir tout le catalogue";"See the whole catalogue";"";"Libellé court (bouton ou menu), idéalement ≤ 25 caractères."
"viewer.title";"Visualiseur 3D";"3D viewer";"";""
"viewer.tip";"Cliquez-glissez pour faire tourner la pièce, molette ou pincement pour zoomer.";"Click and drag to rotate the item, scroll or pinch to zoom.";"";""
"footer.tagline";"Exposition virtuelle philatélique";"Virtual philatelic exhibition";"";""
